id,event_time,chairs,client_id,restaurant_id
1,2019-11-20 22:00:00,2,1,1651
2,2019-11-20 22:00:00,3,1,866
3,2019-11-20 22:00:00,1,1,618
4,2019-11-20 22:00:00,2,1,2212
5,2019-11-20 22:00:00,2,1,3597
6,2019-11-20 22:00:00,2,1,866
7,2019-11-20 22:00:00,2,1,866
8,2019-11-20 22:00:00,2,1,150
9,2019-11-20 22:00:00,2,1,150
10,2019-11-20 22:00:00,2,1,866
11,2019-11-20 18:00:00,2,3,7914
12,2019-11-20 15:00:00,1,6,2212
13,2019-11-20 15:00:00,4,6,3785
14,2019-11-20 22:00:00,2,1,866
15,2019-11-20 16:00:00,3,5,4452
16,2019-11-20 16:00:00,5,5,4429
17,2019-11-19 18:00:00,0,8,7043
18,2019-11-19 18:00:00,3,8,402
19,2019-11-19 17:00:00,1,9,866
20,2019-11-19 17:00:00,4,9,866
21,2019-11-20 18:00:00,4,3,2951
22,2019-11-17 20:00:00,1,15,2375
23,2019-11-17 20:00:00,4,15,845
24,2019-11-17 19:00:00,4,16,7202
25,2019-11-17 21:30:00,0,14,5801
26,2019-11-17 21:30:00,0,14,5318
27,2019-11-18 21:00:00,6,11,2275
28,2019-11-17 20:00:00,4,15,200
29,2019-11-17 21:30:00,2,14,4837
30,2019-11-17 21:30:00,2,14,1543
31,2019-11-20 18:00:00,2,3,4203
32,2019-11-20 16:00:00,2,5,7826
33,2019-11-19 22:00:00,2,7,173
34,2019-11-17 18:30:00,6,17,2275
35,2019-11-20 18:00:00,2,3,7914
36,2019-11-17 18:30:00,4,17,117
37,2019-11-17 18:30:00,10,18,7998
38,2019-11-20 15:00:00,2,6,173
39,2019-11-17 21:30:00,2,14,31
40,2019-11-20 18:00:00,1,3,3157
41,2019-11-17 18:00:00,2,19,2275
42,2019-11-18 21:00:00,4,11,7106
43,2019-11-19 22:00:00,4,7,2823
44,2019-11-17 21:30:00,4,14,1229
45,2019-11-17 21:30:00,1,14,2823
46,2019-11-19 17:00:00,4,9,7998
47,2019-11-17 20:00:00,5,15,2275
48,2019-11-20 18:00:00,1,3,3157
49,2019-11-17 21:30:00,4,14,6870
50,2019-11-17 18:30:00,6,17,2275
51,2019-11-20 21:30:00,2,2,2132
52,2019-11-19 22:00:00,4,7,3453
53,2019-11-19 22:00:00,6,7,2212
54,2019-11-17 17:30:00,2,21,2212
55,2019-11-20 22:00:00,4,1,6465
56,2019-11-17 20:00:00,3,15,199
57,2019-11-17 21:30:00,9,14,2743
58,2019-11-17 16:30:00,4,24,2275
59,2019-11-18 21:00:00,4,11,7106
60,2019-11-17 16:30:00,2,24,1628
61,2019-11-17 18:30:00,6,17,2275
62,2019-11-17 21:30:00,2,14,4871
63,2019-11-17 18:00:00,4,19,6170
64,2019-11-20 16:00:00,6,5,74
65,2019-11-19 22:00:00,2,7,7220
66,2019-11-17 16:30:00,4,24,818
67,2019-11-17 21:30:00,2,14,7111
68,2019-11-19 14:30:00,4,10,7149
69,2019-11-19 14:30:00,4,10,120
70,2019-11-17 21:30:00,2,14,2606
71,2019-11-19 14:30:00,4,10,4490
72,2019-11-19 14:30:00,4,10,3812
73,2019-11-17 20:00:00,4,15,1370
74,2019-11-17 20:00:00,2,15,1370
75,2019-11-17 20:00:00,4,15,2327
76,2019-11-17 20:00:00,2,15,117
77,2019-11-17 14:30:00,2,28,2450
78,2019-11-17 17:30:00,2,20,709
79,2019-11-17 21:30:00,4,14,5434
80,2019-11-17 20:00:00,4,15,2327
81,2019-11-17 17:00:00,3,22,4051
82,2019-11-19 14:30:00,4,10,7202
83,2019-11-17 17:00:00,2,22,7060
84,2019-11-17 21:30:00,4,14,4926
85,2019-11-17 16:30:00,2,24,2275
86,2019-11-17 15:30:00,4,25,7149
87,2019-11-17 18:30:00,2,18,173
88,2019-11-20 18:00:00,2,3,5529
89,2019-11-20 18:00:00,2,3,80
90,2019-11-17 21:30:00,4,14,5977
91,2019-11-17 18:30:00,6,17,2275
92,2019-11-18 21:00:00,10,11,6524
93,2019-11-17 20:00:00,4,15,85
94,2019-11-18 21:00:00,4,11,1679
95,2019-11-18 21:00:00,4,11,1679
96,2019-11-20 16:00:00,2,5,3783
97,2019-11-17 20:00:00,2,15,1959
98,2019-11-17 20:00:00,10,15,248
99,2019-11-19 17:00:00,2,9,2477
100,2019-11-17 17:00:00,5,22,3954
101,2019-11-17 21:30:00,2,14,8055
102,2019-11-17 15:30:00,1,25,3369
103,2019-11-17 21:30:00,4,14,961
104,2019-11-17 21:30:00,2,14,5801
105,2019-11-20 18:00:00,1,3,3157
106,2019-11-17 18:30:00,5,17,3784
107,2019-11-17 21:30:00,2,14,5318
108,2019-11-17 15:30:00,1,25,4354
109,2019-11-17 14:30:00,2,28,866
110,2019-11-19 17:00:00,3,9,866
111,2019-11-17 21:30:00,2,14,1085
112,2019-11-17 15:00:00,4,27,7149
113,2019-11-19 17:00:00,1,9,2464
114,2019-11-17 13:00:00,1,30,393
115,2019-11-17 17:00:00,1,22,3689
116,2019-11-20 22:00:00,4,1,6465
117,2019-11-20 18:00:00,4,3,7846
118,2019-11-17 17:30:00,2,20,7826
119,2019-11-18 21:00:00,10,11,3597
120,2019-11-19 14:30:00,6,10,2474
121,2019-11-17 11:00:00,10,33,55
122,2019-11-20 18:00:00,4,3,39
123,2019-11-17 21:30:00,4,14,4926
124,2019-11-17 17:30:00,2,21,2212
125,2019-11-17 13:00:00,2,30,393
126,2019-11-17 13:00:00,1,30,3556
127,2019-11-17 17:30:00,2,21,2355
128,2019-11-17 15:30:00,1,25,289
129,2019-11-17 15:30:00,1,25,289
130,2019-11-19 14:30:00,2,10,6964
131,2019-11-17 15:30:00,2,25,289
132,2019-11-19 18:00:00,1,8,4401
133,2019-11-19 18:00:00,1,8,4204
134,2019-11-17 11:00:00,10,33,55
135,2019-11-17 17:30:00,10,21,3597
136,2019-11-16 21:00:00,4,36,3784
137,2019-11-17 20:00:00,4,15,6170
138,2019-11-17 15:00:00,4,27,3601
139,2019-11-17 18:30:00,4,18,173
140,2019-11-16 21:00:00,2,36,3784
141,2019-11-17 21:30:00,1,14,1550
142,2019-11-20 18:00:00,4,3,1575
143,2019-11-16 21:00:00,2,36,3597
144,2019-11-19 14:30:00,2,10,7794
145,2019-11-17 13:00:00,2,30,393
146,2019-11-17 14:30:00,1,28,2493
147,2019-11-16 21:00:00,8,37,826
148,2019-11-17 12:00:00,4,32,3804
149,2019-11-17 13:00:00,2,30,393
150,2019-11-17 21:30:00,10,14,31
151,2019-11-17 17:30:00,8,21,3802
152,2019-11-17 17:30:00,2,20,4378
153,2019-11-17 17:30:00,2,20,4378
154,2019-11-16 21:00:00,3,36,2275
155,2019-11-17 13:00:00,2,30,15
156,2019-11-17 12:00:00,4,32,7106
157,2019-11-16 21:00:00,5,37,4281
158,2019-11-19 22:00:00,4,7,3453
159,2019-11-19 17:00:00,1,9,2477
160,2019-11-20 18:00:00,6,3,2951
161,2019-11-19 17:00:00,1,9,2477
162,2019-11-20 22:00:00,1,1,866
163,2019-11-17 17:30:00,2,21,3059
164,2019-11-17 13:00:00,2,30,393
165,2019-11-17 17:30:00,4,21,6363
166,2019-11-17 13:00:00,2,30,393
167,2019-11-17 14:00:00,2,29,7510
168,2019-11-17 15:30:00,3,26,7802
169,2019-11-16 21:30:00,2,34,1359
170,2019-11-17 17:30:00,2,20,1752
171,2019-11-17 14:30:00,2,28,4203
172,2019-11-16 21:00:00,3,36,3784
173,2019-11-17 13:00:00,2,30,393
174,2019-11-17 18:30:00,6,17,3784
175,2019-11-16 21:00:00,6,36,3343
176,2019-11-20 18:00:00,1,3,3157
177,2019-11-17 21:30:00,2,14,7111
178,2019-11-20 16:00:00,6,5,74
179,2019-11-17 11:00:00,8,33,824
180,2019-11-20 18:00:00,1,3,3157
181,2019-11-20 16:00:00,4,5,7775
182,2019-11-18 16:00:00,3,13,1628
183,2019-11-20 18:00:00,1,3,3157
184,2019-11-17 21:30:00,6,14,2089
185,2019-11-20 16:00:00,8,5,653
186,2019-11-18 16:00:00,3,13,183
187,2019-11-16 20:30:00,2,38,3784
188,2019-11-20 22:00:00,2,1,3784
189,2019-11-17 12:30:00,4,31,3750
190,2019-11-17 17:30:00,8,21,6586
191,2019-11-16 21:30:00,2,34,15
192,2019-11-20 22:00:00,2,1,866
193,2019-11-18 21:00:00,6,11,2275
194,2019-11-16 21:30:00,1,34,3877
195,2019-11-17 21:30:00,2,14,5318
196,2019-11-20 22:00:00,2,1,866
197,2019-11-17 15:00:00,4,27,7149
198,2019-11-19 22:00:00,4,7,7014
199,2019-11-20 18:00:00,1,3,3157
200,2019-11-18 16:00:00,2,13,1628
201,2019-11-17 18:30:00,4,17,3784
202,2019-11-18 16:00:00,10,13,55
203,2019-11-17 15:00:00,2,27,2212
204,2019-11-16 21:00:00,6,36,2650
205,2019-11-16 21:00:00,4,36,3784
206,2019-11-16 21:00:00,4,36,3784
207,2019-11-16 21:00:00,3,36,3784
208,2019-11-17 19:00:00,2,16,2474
209,2019-11-16 21:00:00,5,36,3784
210,2019-11-16 21:30:00,2,34,3784
211,2019-11-16 21:30:00,1,34,3877
212,2019-11-16 20:00:00,4,39,6535
213,2019-11-19 14:30:00,2,10,8087
214,2019-11-16 21:30:00,10,34,7026
215,2019-11-18 16:00:00,1,13,1628
216,2019-11-16 20:30:00,4,38,3784
217,2019-11-19 22:00:00,2,7,3453
218,2019-11-16 19:00:00,1,41,4051
219,2019-11-16 19:00:00,2,41,4051
220,2019-11-17 18:30:00,4,17,3784
221,2019-11-16 21:30:00,1,34,3877
222,2019-11-16 21:30:00,10,34,3597
223,2019-11-16 19:30:00,1,40,393
224,2019-11-17 18:30:00,6,17,2275
225,2019-11-20 22:00:00,6,1,866
226,2019-11-17 15:30:00,3,26,4470
227,2019-11-17 19:00:00,8,16,823
228,2019-11-16 19:30:00,1,40,393
229,2019-11-17 18:30:00,6,17,2275
230,2019-11-17 13:00:00,2,30,393
231,2019-11-16 19:30:00,8,40,150
232,2019-11-16 19:30:00,1,40,393
233,2019-11-16 20:00:00,8,39,824
234,2019-11-16 20:00:00,8,39,824
235,2019-11-16 19:30:00,6,40,866
236,2019-11-16 20:00:00,2,39,3453
237,2019-11-16 20:00:00,2,39,3453
238,2019-11-17 15:30:00,10,26,8164
239,2019-11-16 18:30:00,2,43,6762
240,2019-11-19 17:00:00,2,9,3321
241,2019-11-17 21:30:00,2,14,3496
242,2019-11-16 21:30:00,2,34,3597
243,2019-11-16 19:30:00,1,40,393
244,2019-11-16 21:00:00,2,37,7153
245,2019-11-17 13:00:00,2,30,393
246,2019-11-16 19:30:00,1,40,393
247,2019-11-16 19:30:00,2,40,393
248,2019-11-16 19:30:00,1,40,393
249,2019-11-17 15:30:00,3,26,3804
250,2019-11-16 20:30:00,4,38,7202
251,2019-11-16 20:30:00,2,38,3597
252,2019-11-16 17:30:00,6,46,3343
253,2019-11-17 15:00:00,4,27,7149
254,2019-11-17 15:30:00,8,25,823
255,2019-11-16 18:30:00,2,43,827
256,2019-11-17 15:30:00,8,25,823
257,2019-11-16 19:30:00,1,40,393
258,2019-11-17 18:30:00,2,18,5742
259,2019-11-17 15:00:00,2,27,2276
260,2019-11-17 13:00:00,2,30,393
261,2019-11-17 18:30:00,4,17,3784
262,2019-11-16 17:30:00,2,46,4018
263,2019-11-16 19:30:00,1,40,150
264,2019-11-16 21:00:00,4,37,6668
265,2019-11-17 13:00:00,2,30,393
266,2019-11-16 19:30:00,2,40,393
267,2019-11-17 12:00:00,4,32,3804
268,2019-11-16 17:00:00,2,48,999
269,2019-11-16 17:00:00,4,48,5855
270,2019-11-19 22:00:00,3,7,173
271,2019-11-16 15:30:00,3,52,7802
272,2019-11-16 16:30:00,2,49,3784
273,2019-11-17 13:00:00,2,30,39
274,2019-11-18 21:00:00,2,11,3597
275,2019-11-16 18:00:00,2,45,3784
276,2019-11-16 17:30:00,6,46,3343
277,2019-11-16 19:30:00,1,40,393
278,2019-11-19 17:00:00,6,9,866
279,2019-11-16 21:30:00,1,34,3877
280,2019-11-16 19:30:00,1,40,393
281,2019-11-17 13:00:00,2,30,393
282,2019-11-20 15:00:00,4,6,3767
283,2019-11-20 18:00:00,1,3,3157
284,2019-11-17 18:30:00,3,17,3784
285,2019-11-20 16:00:00,6,5,823
286,2019-11-16 17:00:00,3,48,199
287,2019-11-17 13:00:00,2,30,393
288,2019-11-16 18:30:00,6,44,6419
289,2019-11-16 17:30:00,4,46,1679
290,2019-11-17 17:30:00,8,20,4377
291,2019-11-17 13:00:00,2,30,15
292,2019-11-17 17:30:00,2,20,3247
293,2019-11-16 17:00:00,10,48,7030
294,2019-11-16 15:30:00,6,54,3539
295,2019-11-17 17:30:00,2,20,199
296,2019-11-17 17:30:00,2,20,199
297,2019-11-16 19:30:00,4,40,393
298,2019-11-17 13:00:00,2,30,393
299,2019-11-16 21:30:00,2,34,15
300,2019-11-17 16:30:00,3,23,3783
301,2019-11-16 19:30:00,1,40,393
302,2019-11-16 17:00:00,2,48,8159
303,2019-11-16 17:00:00,2,48,55
304,2019-11-17 11:00:00,5,33,2212
305,2019-11-16 15:30:00,1,52,709
306,2019-11-16 15:30:00,3,52,709
307,2019-11-16 20:00:00,1,39,824
308,2019-11-17 13:00:00,2,30,393
309,2019-11-16 20:00:00,2,39,7055
310,2019-11-16 19:30:00,2,40,393
311,2019-11-17 17:30:00,2,20,8122
312,2019-11-16 15:00:00,10,55,4551
313,2019-11-20 18:00:00,1,3,3157
314,2019-11-16 20:00:00,4,39,5320
315,2019-11-16 19:30:00,1,40,393
316,2019-11-17 16:30:00,2,23,2511
317,2019-11-16 12:00:00,4,63,5208
318,2019-11-16 12:00:00,2,63,4403
319,2019-11-16 12:00:00,3,63,4403
320,2019-11-16 17:00:00,4,48,1797
321,2019-11-18 21:00:00,2,11,2275
322,2019-11-16 19:30:00,1,40,393
323,2019-11-20 16:00:00,7,5,823
324,2019-11-16 12:00:00,4,64,2743
325,2019-11-16 17:30:00,6,46,3343
326,2019-11-17 13:00:00,2,30,393
327,2019-11-16 20:00:00,2,39,7083
328,2019-11-20 15:00:00,4,6,2449
329,2019-11-16 19:30:00,1,40,393
330,2019-11-17 13:00:00,2,30,393
331,2019-11-16 19:30:00,2,40,393
332,2019-11-16 12:00:00,2,63,5211
333,2019-11-16 19:30:00,2,40,393
334,2019-11-17 13:00:00,2,30,393
335,2019-11-20 15:00:00,4,6,2449
336,2019-11-16 14:30:00,4,56,5209
337,2019-11-16 17:30:00,6,46,3343
338,2019-11-17 17:00:00,2,22,6861
339,2019-11-16 19:30:00,2,40,393
340,2019-11-17 13:00:00,2,30,393
341,2019-11-15 22:30:00,2,66,7204
342,2019-11-15 22:00:00,2,67,8359
343,2019-11-20 16:00:00,6,5,823
344,2019-11-16 19:30:00,2,40,3784
345,2019-11-16 19:30:00,2,40,3750
346,2019-11-17 17:30:00,2,21,6914
347,2019-11-17 16:30:00,2,23,8154
348,2019-11-15 22:30:00,2,66,7204
349,2019-11-17 14:30:00,5,28,866
350,2019-11-16 15:30:00,3,52,7802
351,2019-11-15 21:30:00,4,68,7043
352,2019-11-16 17:30:00,6,46,3343
353,2019-11-16 20:00:00,2,39,824
354,2019-11-16 12:00:00,3,64,2743
355,2019-11-15 21:30:00,8,68,4098
356,2019-11-17 17:30:00,2,20,2096
357,2019-11-17 17:30:00,2,20,8234
358,2019-11-17 17:30:00,2,20,7094
359,2019-11-15 22:30:00,6,66,8369
360,2019-11-16 13:30:00,1,61,39
361,2019-11-16 13:30:00,2,61,39
362,2019-11-16 14:30:00,4,58,8312
363,2019-11-17 13:00:00,2,30,393
364,2019-11-16 19:30:00,2,40,393
365,2019-11-15 22:30:00,2,66,7204
366,2019-11-16 17:00:00,2,48,2105
367,2019-11-16 17:00:00,2,48,2105
368,2019-11-16 17:30:00,2,46,15
369,2019-11-16 13:00:00,4,62,1959
370,2019-11-16 19:30:00,2,40,393
371,2019-11-17 13:00:00,2,30,393
372,2019-11-15 22:30:00,2,66,7204
373,2019-11-16 19:30:00,2,40,393
374,2019-11-17 13:00:00,2,30,393
375,2019-11-15 22:30:00,2,66,7204
376,2019-11-15 21:30:00,5,68,2678
377,2019-11-16 16:30:00,1,49,1743
378,2019-11-17 17:30:00,4,21,7202
379,2019-11-16 19:30:00,2,40,393
380,2019-11-15 22:30:00,2,66,7204
381,2019-11-17 15:30:00,4,26,866
382,2019-11-15 20:30:00,1,70,3266
383,2019-11-15 20:30:00,2,70,3266
384,2019-11-16 17:00:00,10,48,7030
385,2019-11-17 17:30:00,2,20,380
386,2019-11-16 19:30:00,2,40,393
387,2019-11-17 18:00:00,4,19,6170
388,2019-11-16 17:00:00,4,48,1996
389,2019-11-16 20:30:00,4,38,3784
390,2019-11-16 17:00:00,4,48,1996
391,2019-11-16 17:00:00,8,48,4378
392,2019-11-16 17:00:00,4,48,4378
393,2019-11-20 22:00:00,2,1,7807
394,2019-11-17 12:30:00,3,31,3784
395,2019-11-18 21:00:00,2,11,2275
396,2019-11-19 22:00:00,3,7,10
397,2019-11-15 22:00:00,2,67,3611
398,2019-11-16 12:00:00,4,64,2743
399,2019-11-17 13:00:00,2,30,393
400,2019-11-16 19:30:00,2,40,393
401,2019-11-15 22:30:00,2,66,7204
402,2019-11-16 20:30:00,8,38,3784
403,2019-11-15 23:30:00,2,65,7795
404,2019-11-17 16:30:00,4,24,6313
405,2019-11-17 13:00:00,2,30,393
406,2019-11-15 22:30:00,2,66,7204
407,2019-11-17 20:00:00,3,15,2275
408,2019-11-17 13:00:00,2,30,393
409,2019-11-15 22:30:00,2,66,7204
410,2019-11-16 21:30:00,10,34,7026
411,2019-11-15 23:30:00,4,65,6003
412,2019-11-16 19:30:00,2,40,393
413,2019-11-17 16:30:00,10,23,3767
414,2019-11-15 22:30:00,2,66,7204
415,2019-11-16 21:00:00,3,37,2276
416,2019-11-19 22:00:00,2,7,8049
417,2019-11-15 22:30:00,2,66,3954
418,2019-11-16 19:30:00,2,40,150
419,2019-11-16 17:30:00,6,46,3343
420,2019-11-17 13:00:00,2,30,393
421,2019-11-15 21:30:00,2,68,8359
422,2019-11-17 16:30:00,8,23,3767
423,2019-11-15 22:30:00,2,66,7204
424,2019-11-15 21:30:00,4,69,8174
425,2019-11-16 13:30:00,2,59,3677
426,2019-11-17 18:30:00,4,18,4403
427,2019-11-16 21:00:00,2,35,709
428,2019-11-17 17:30:00,4,21,7106
429,2019-11-17 17:30:00,2,20,367
430,2019-11-17 17:30:00,2,20,3862
431,2019-11-16 17:00:00,4,48,866
432,2019-11-17 17:30:00,4,20,866
433,2019-11-16 12:00:00,4,63,7149
434,2019-11-15 21:30:00,2,68,1575
435,2019-11-16 13:00:00,4,62,6852
436,2019-11-17 16:30:00,2,23,3767
437,2019-11-16 21:30:00,2,34,15
438,2019-11-15 22:30:00,2,66,7204
439,2019-11-17 16:30:00,4,23,8179
440,2019-11-16 19:30:00,2,40,393
441,2019-11-16 21:30:00,1,34,3877
442,2019-11-15 22:30:00,2,66,7204
443,2019-11-17 16:30:00,8,23,3767
444,2019-11-16 17:00:00,4,48,3527
445,2019-11-15 19:30:00,2,72,7040
446,2019-11-16 19:30:00,2,40,393
447,2019-11-17 12:00:00,3,32,3804
448,2019-11-15 22:30:00,2,66,7204
449,2019-11-16 14:30:00,6,56,2275
450,2019-11-15 21:30:00,6,69,1683
451,2019-11-17 16:30:00,4,23,2327
452,2019-11-16 12:00:00,2,63,7846
453,2019-11-17 15:30:00,4,26,6859
454,2019-11-16 14:30:00,2,56,117
455,2019-11-17 14:30:00,2,28,4203
456,2019-11-16 12:00:00,6,63,3263
457,2019-11-16 19:30:00,2,40,393
458,2019-11-20 18:00:00,3,3,2464
459,2019-11-17 17:30:00,2,20,1996
460,2019-11-16 15:30:00,4,53,7106
461,2019-11-17 15:00:00,4,27,7149
462,2019-11-16 13:30:00,1,61,2464
463,2019-11-16 13:30:00,2,61,2464
464,2019-11-16 17:30:00,4,46,3784
465,2019-11-17 13:00:00,2,30,393
466,2019-11-17 13:00:00,2,30,15
467,2019-11-16 17:00:00,4,48,4523
468,2019-11-16 14:30:00,5,56,2275
469,2019-11-17 15:30:00,4,26,3470
470,2019-11-16 21:00:00,2,37,3693
471,2019-11-15 21:30:00,2,68,4347
472,2019-11-17 16:30:00,8,23,6586
473,2019-11-16 21:00:00,2,35,660
474,2019-11-16 16:00:00,2,51,3040
475,2019-11-16 13:30:00,2,60,4853
476,2019-11-16 19:30:00,2,40,393
477,2019-11-17 13:00:00,2,30,393
478,2019-11-16 17:00:00,30,48,4146
479,2019-11-16 19:30:00,2,40,393
480,2019-11-15 21:30:00,2,69,3568
481,2019-11-16 19:30:00,2,40,150
482,2019-11-16 12:00:00,6,63,284
483,2019-11-16 19:30:00,2,40,393
484,2019-11-16 15:30:00,3,52,4365
485,2019-11-16 21:30:00,4,34,8179
486,2019-11-15 21:30:00,2,68,80
487,2019-11-19 17:00:00,2,9,1575
488,2019-11-16 17:00:00,2,48,380
489,2019-11-16 13:00:00,4,62,6852
490,2019-11-16 13:30:00,2,61,4397
491,2019-11-16 12:00:00,4,64,7149
492,2019-11-16 17:00:00,2,48,199
493,2019-11-16 17:00:00,6,48,3263
494,2019-11-16 17:00:00,4,48,199
495,2019-11-16 13:30:00,2,61,3383
496,2019-11-16 21:00:00,3,37,1423
497,2019-11-16 13:00:00,8,62,1669
498,2019-11-17 13:00:00,2,30,393
499,2019-11-16 19:30:00,1,40,393
500,2019-11-15 22:30:00,2,66,7204
501,2019-11-15 21:30:00,2,69,6914
502,2019-11-16 13:30:00,2,60,2212
503,2019-11-16 19:30:00,1,40,393
504,2019-11-15 22:30:00,2,66,7204
505,2019-11-17 13:00:00,2,30,393
506,2019-11-16 19:30:00,1,40,393
507,2019-11-17 21:30:00,4,14,377
508,2019-11-15 22:30:00,2,66,7204
509,2019-11-16 17:30:00,2,46,4021
510,2019-11-16 17:30:00,1,46,4021
511,2019-11-17 17:00:00,1,22,3689
512,2019-11-16 13:30:00,2,59,866
513,2019-11-17 13:00:00,2,30,393
514,2019-11-16 19:30:00,2,40,393
515,2019-11-17 12:00:00,2,32,3804
516,2019-11-17 12:00:00,3,32,3804
517,2019-11-15 22:30:00,2,66,7204
518,2019-11-15 21:30:00,2,69,7040
519,2019-11-17 14:30:00,6,28,3954
520,2019-11-16 19:30:00,2,40,393
521,2019-11-17 13:00:00,2,30,393
522,2019-11-16 14:30:00,6,56,117
523,2019-11-18 20:00:00,5,12,7821
524,2019-11-18 20:00:00,4,12,7149
525,2019-11-16 17:00:00,3,48,1996
526,2019-11-16 17:30:00,2,46,4018
527,2019-11-16 17:30:00,6,46,3343
528,2019-11-16 19:30:00,1,40,2009
529,2019-11-16 19:30:00,2,40,2009
530,2019-11-16 17:00:00,2,48,1996
531,2019-11-16 13:30:00,4,61,7945
532,2019-11-16 17:00:00,2,48,1996
533,2019-11-16 18:30:00,2,43,6762
534,2019-11-18 16:00:00,1,13,380
535,2019-11-18 16:00:00,2,13,380
536,2019-11-16 12:00:00,2,63,2212
537,2019-11-17 11:00:00,4,33,55
538,2019-11-17 20:00:00,3,15,85
539,2019-11-15 22:00:00,3,67,7802
540,2019-11-15 21:30:00,4,68,7949
541,2019-11-16 15:30:00,3,54,2743
542,2019-11-20 16:00:00,8,5,7795
543,2019-11-20 16:00:00,8,5,7795
544,2019-11-20 16:00:00,8,5,7781
545,2019-11-15 21:30:00,1,68,3321
546,2019-11-16 21:30:00,4,34,8179
547,2019-11-17 13:00:00,2,30,393
548,2019-11-16 19:30:00,2,40,3624
549,2019-11-17 17:30:00,2,20,8234
550,2019-11-15 22:30:00,2,66,7204
551,2019-11-15 21:30:00,2,69,3568
552,2019-11-16 19:30:00,3,40,3750
553,2019-11-16 19:30:00,2,40,3624
554,2019-11-17 17:30:00,4,20,4377
555,2019-11-15 22:30:00,2,66,7204
556,2019-11-20 18:00:00,1,3,3157
557,2019-11-20 16:00:00,4,5,7795
558,2019-11-17 13:00:00,2,30,393
559,2019-11-16 19:30:00,2,40,393
560,2019-11-16 19:30:00,2,40,393
561,2019-11-15 22:30:00,2,66,7204
562,2019-11-15 21:30:00,2,69,6914
563,2019-11-15 21:30:00,2,68,8359
564,2019-11-15 22:30:00,2,66,7204
565,2019-11-20 22:00:00,2,1,7807
566,2019-11-16 17:00:00,10,48,373
567,2019-11-17 13:00:00,2,30,393
568,2019-11-15 22:30:00,2,66,7204
569,2019-11-17 17:30:00,4,20,8393
570,2019-11-16 15:30:00,3,52,7998
571,2019-11-17 12:00:00,4,32,199
572,2019-11-16 13:00:00,1,62,4480
573,2019-11-19 18:00:00,8,8,7798
574,2019-11-17 20:00:00,4,15,2327
575,2019-11-16 21:00:00,2,37,7790
576,2019-11-17 12:00:00,4,32,199
577,2019-11-16 13:30:00,2,61,1762
578,2019-11-20 16:30:00,2,4,2212
579,2019-11-16 21:00:00,2,35,660
580,2019-11-17 19:00:00,7,16,10
581,2019-11-16 13:00:00,4,62,7954
582,2019-11-16 12:00:00,3,64,2743
583,2019-11-16 16:00:00,4,51,7982
584,2019-11-17 12:00:00,4,32,199
585,2019-11-17 21:30:00,4,14,8124
586,2019-11-15 20:30:00,2,70,3693
587,2019-11-20 16:00:00,8,5,7795
588,2019-11-17 16:30:00,5,23,74
589,2019-11-17 13:00:00,2,30,393
590,2019-11-16 13:30:00,6,59,1632
591,2019-11-16 19:30:00,2,40,3624
592,2019-11-16 19:30:00,2,40,3624
593,2019-11-16 17:00:00,2,48,8216
594,2019-11-16 17:00:00,2,48,7741
595,2019-11-16 21:30:00,1,34,3877
596,2019-11-15 22:30:00,2,66,7204
597,2019-11-15 19:00:00,4,73,6852
598,2019-11-17 12:30:00,1,31,3750
599,2019-11-15 21:30:00,2,69,6914
600,2019-11-16 19:30:00,1,40,393
601,2019-11-16 19:30:00,1,40,393
602,2019-11-16 19:30:00,1,40,393
603,2019-11-15 22:30:00,2,66,7204
604,2019-11-16 15:30:00,10,53,3597
605,2019-11-17 13:00:00,2,30,393
606,2019-11-17 18:30:00,3,17,2275
607,2019-11-17 13:00:00,2,30,393
608,2019-11-15 22:30:00,2,66,7204
609,2019-11-17 16:30:00,2,23,74
610,2019-11-16 17:00:00,10,48,3596
611,2019-11-20 15:00:00,5,6,2355
612,2019-11-16 19:30:00,1,40,393
613,2019-11-15 22:30:00,2,66,7204
614,2019-11-17 18:30:00,4,17,3784
615,2019-11-16 15:30:00,3,52,4059
616,2019-11-17 16:30:00,4,23,74
617,2019-11-19 18:00:00,4,8,7043
618,2019-11-17 15:30:00,3,26,4470
619,2019-11-16 17:30:00,6,46,3343
620,2019-11-16 21:00:00,2,37,7220
621,2019-11-17 18:30:00,4,18,7998
622,2019-11-18 16:00:00,2,13,6914
623,2019-11-19 14:30:00,2,10,4365
624,2019-11-15 23:30:00,4,65,6473
625,2019-11-16 15:30:00,10,52,3596
626,2019-11-20 16:00:00,6,5,7781
627,2019-11-17 17:30:00,2,20,4111
628,2019-11-15 18:30:00,3,75,120
629,2019-11-20 16:00:00,6,5,7781
630,2019-11-15 18:30:00,1,74,3611
631,2019-11-15 18:30:00,2,74,3611
632,2019-11-20 18:00:00,4,3,4237
633,2019-11-16 15:30:00,4,54,7043
634,2019-11-17 13:00:00,2,30,393
635,2019-11-16 19:30:00,2,40,393
636,2019-11-16 15:00:00,2,55,6517
637,2019-11-16 14:30:00,2,58,6913
638,2019-11-15 22:30:00,2,66,7204
639,2019-11-17 12:30:00,1,31,3750
640,2019-11-17 14:00:00,2,29,7432
641,2019-11-16 19:30:00,2,40,393
642,2019-11-16 19:30:00,2,40,393
643,2019-11-16 19:30:00,4,40,393
644,2019-11-20 18:00:00,1,3,3157
645,2019-11-15 22:30:00,2,66,7204
646,2019-11-17 13:00:00,2,30,393
647,2019-11-15 21:30:00,2,69,8174
648,2019-11-17 13:00:00,2,30,393
649,2019-11-15 18:30:00,2,74,8168
650,2019-11-15 22:30:00,2,66,7204
651,2019-11-16 21:30:00,1,34,3877
652,2019-11-15 22:30:00,2,66,7204
653,2019-11-16 21:30:00,10,34,7026
654,2019-11-16 13:30:00,4,61,6859
655,2019-11-16 19:30:00,4,40,393
656,2019-11-17 12:30:00,5,31,3750
657,2019-11-15 23:30:00,3,65,3784
658,2019-11-15 19:00:00,6,73,8331
659,2019-11-15 19:00:00,10,73,374
660,2019-11-17 13:00:00,2,30,393
661,2019-11-15 18:30:00,6,74,3247
662,2019-11-15 21:30:00,1,68,4282
663,2019-11-15 22:30:00,2,66,7204
664,2019-11-15 18:30:00,8,74,3247
665,2019-11-17 18:00:00,4,19,6170
666,2019-11-20 22:00:00,2,1,7807
667,2019-11-19 22:00:00,4,7,3453
668,2019-11-17 14:30:00,6,28,2469
669,2019-11-17 17:30:00,4,20,8173
670,2019-11-16 13:00:00,4,62,8088
671,2019-11-16 16:00:00,3,51,987
672,2019-11-16 19:30:00,2,40,3783
673,2019-11-16 13:30:00,4,60,173
674,2019-11-16 19:30:00,2,40,3501
675,2019-11-19 18:00:00,4,8,7043
676,2019-11-15 21:30:00,3,68,1399
677,2019-11-20 16:30:00,2,4,2212
678,2019-11-17 18:30:00,2,18,2320
679,2019-11-17 16:30:00,4,23,8179
680,2019-11-15 22:30:00,2,66,7204
681,2019-11-16 14:30:00,6,56,2275
682,2019-11-16 12:00:00,4,64,4429
683,2019-11-16 12:00:00,4,64,4429
684,2019-11-16 19:30:00,4,40,393
685,2019-11-15 22:30:00,2,66,7204
686,2019-11-20 18:00:00,1,3,3157
687,2019-11-17 14:30:00,3,28,2178
688,2019-11-16 21:00:00,6,35,660
689,2019-11-16 19:30:00,4,40,393
690,2019-11-20 18:00:00,4,3,6859
691,2019-11-16 21:30:00,1,34,4491
692,2019-11-15 22:30:00,2,66,74
693,2019-11-16 19:30:00,2,40,393
694,2019-11-16 19:30:00,4,40,393
695,2019-11-15 22:30:00,2,66,7204
696,2019-11-16 14:30:00,4,56,7202
697,2019-11-15 19:00:00,6,73,2089
698,2019-11-16 21:30:00,10,34,7026
699,2019-11-16 13:30:00,3,59,866
700,2019-11-17 18:30:00,2,18,6879
701,2019-11-16 17:00:00,2,48,6774
702,2019-11-20 16:30:00,2,4,2212
703,2019-11-20 16:30:00,2,4,2212
704,2019-11-16 19:30:00,2,40,393
705,2019-11-16 19:30:00,2,40,393
706,2019-11-17 13:00:00,2,30,393
707,2019-11-17 15:30:00,8,25,8074
708,2019-11-15 22:30:00,2,66,7204
709,2019-11-15 21:30:00,4,68,4475
710,2019-11-17 12:00:00,4,32,8197
711,2019-11-19 18:00:00,3,8,7802
712,2019-11-17 17:30:00,3,20,4111
713,2019-11-19 17:00:00,2,9,4470
714,2019-11-16 14:30:00,4,57,5836
715,2019-11-16 17:30:00,6,46,3343
716,2019-11-17 17:30:00,4,20,7826
717,2019-11-19 17:00:00,2,9,4470
718,2019-11-16 13:30:00,2,61,7193
719,2019-11-15 18:30:00,4,76,8173
720,2019-11-20 16:30:00,2,4,2212
721,2019-11-16 17:00:00,2,48,8248
722,2019-11-15 18:30:00,5,75,1229
723,2019-11-15 18:30:00,4,76,55
724,2019-11-16 12:00:00,2,63,2743
725,2019-11-16 12:00:00,5,64,2743
726,2019-11-17 18:30:00,1,18,173
727,2019-11-17 18:30:00,1,18,173
728,2019-11-15 22:30:00,2,66,7204
729,2019-11-17 13:00:00,2,30,393
730,2019-11-17 14:30:00,1,28,173
731,2019-11-16 19:30:00,4,40,393
732,2019-11-16 13:30:00,10,59,7998
733,2019-11-17 13:00:00,2,30,393
734,2019-11-15 22:30:00,2,66,7204
735,2019-11-15 18:30:00,2,74,7042
736,2019-11-15 21:30:00,2,69,4315
737,2019-11-16 19:30:00,4,40,393
738,2019-11-15 22:30:00,2,66,7204
739,2019-11-17 13:00:00,2,30,393
740,2019-11-16 19:30:00,3,40,393
741,2019-11-15 18:30:00,6,74,6433
742,2019-11-17 13:00:00,2,30,393
743,2019-11-19 17:00:00,2,9,1720
744,2019-11-19 17:00:00,2,9,3539
745,2019-11-16 21:30:00,10,34,7026
746,2019-11-16 19:30:00,3,40,393
747,2019-11-15 18:30:00,3,75,1374
748,2019-11-16 15:30:00,4,52,6859
749,2019-11-16 14:30:00,4,56,289
750,2019-11-17 13:00:00,4,30,8312
751,2019-11-17 16:30:00,2,23,4503
752,2019-11-16 21:30:00,4,34,7202
753,2019-11-17 15:30:00,3,26,7432
754,2019-11-17 12:00:00,4,32,2275
755,2019-11-15 18:30:00,3,75,3611
756,2019-11-17 12:00:00,4,32,2275
757,2019-11-16 13:00:00,5,62,3057
758,2019-11-16 17:00:00,6,48,7106
759,2019-11-16 12:00:00,5,64,3539
760,2019-11-15 18:30:00,2,76,8564
761,2019-11-16 19:30:00,4,40,10
762,2019-11-16 19:30:00,4,40,3501
763,2019-11-15 18:30:00,1,76,8312
764,2019-11-15 18:30:00,2,76,8312
765,2019-11-16 20:00:00,2,39,1399
766,2019-11-15 21:30:00,2,68,8564
767,2019-11-16 17:30:00,6,46,3343
768,2019-11-16 18:30:00,2,43,6762
769,2019-11-20 18:00:00,2,3,39
770,2019-11-16 13:00:00,2,62,1669
771,2019-11-17 19:00:00,2,16,6913
772,2019-11-16 12:00:00,1,63,866
773,2019-11-16 12:00:00,2,63,866
774,2019-11-16 19:30:00,3,40,393
775,2019-11-16 14:30:00,4,56,2275
776,2019-11-15 21:30:00,2,69,6914
777,2019-11-16 21:30:00,1,34,3877
778,2019-11-15 22:30:00,2,66,7204
779,2019-11-17 13:00:00,1,30,393
780,2019-11-15 18:30:00,6,74,6433
781,2019-11-15 23:30:00,2,65,3624
782,2019-11-16 19:30:00,3,40,393
783,2019-11-17 18:30:00,4,17,3784
784,2019-11-16 15:30:00,4,52,6859
785,2019-11-16 19:30:00,3,40,393
786,2019-11-16 14:30:00,5,56,117
787,2019-11-15 18:30:00,6,74,6433
788,2019-11-15 22:30:00,2,66,7204
789,2019-11-16 19:30:00,3,40,393
790,2019-11-15 18:30:00,2,74,8546
791,2019-11-15 18:30:00,2,74,3247
792,2019-11-16 19:30:00,3,40,393
793,2019-11-16 21:30:00,2,34,15
794,2019-11-16 19:30:00,3,40,393
795,2019-11-15 22:30:00,2,66,7204
796,2019-11-20 21:30:00,3,2,8633
797,2019-11-15 18:30:00,4,74,7106
798,2019-11-15 17:00:00,20,78,2823
799,2019-11-16 19:30:00,2,40,8171
800,2019-11-15 21:30:00,2,68,8633
801,2019-11-17 17:30:00,3,20,4111
802,2019-11-15 18:00:00,10,77,6571
803,2019-11-16 15:30:00,2,54,1399
804,2019-11-17 18:30:00,2,18,7802
805,2019-11-16 21:00:00,2,37,8232
806,2019-11-15 22:00:00,2,67,1838
807,2019-11-16 13:00:00,6,62,1669
808,2019-11-16 19:30:00,3,40,393
809,2019-11-15 21:30:00,2,69,3568
810,2019-11-16 21:30:00,1,34,3877
811,2019-11-15 22:30:00,2,66,7204
812,2019-11-15 17:00:00,4,78,535
813,2019-11-15 18:30:00,6,74,6433
814,2019-11-15 22:30:00,2,66,7204
815,2019-11-17 17:30:00,4,20,6942
816,2019-11-15 21:30:00,2,69,6914
817,2019-11-16 19:30:00,4,40,393
818,2019-11-16 19:30:00,4,40,393
819,2019-11-17 13:00:00,2,30,393
820,2019-11-16 14:30:00,2,58,6913
821,2019-11-15 22:30:00,2,66,7204
822,2019-11-16 14:30:00,4,56,3784
823,2019-11-16 18:30:00,8,43,7650
824,2019-11-17 15:30:00,2,26,6879
825,2019-11-15 23:30:00,3,65,3624
826,2019-11-16 19:30:00,4,40,393
827,2019-11-15 18:30:00,6,74,6433
828,2019-11-17 18:30:00,6,17,2275
829,2019-11-16 21:30:00,2,34,5143
830,2019-11-15 18:30:00,2,76,1229
831,2019-11-16 19:30:00,4,40,393
832,2019-11-17 17:30:00,2,21,2212
833,2019-11-16 18:30:00,4,43,1575
834,2019-11-15 18:30:00,4,74,8420
835,2019-11-16 17:30:00,6,46,3343
836,2019-11-20 16:00:00,6,5,7781
837,2019-11-16 16:30:00,10,49,3939
838,2019-11-16 16:30:00,2,49,3784
839,2019-11-20 16:00:00,1,5,74
840,2019-11-19 18:00:00,4,8,7043
841,2019-11-20 16:00:00,6,5,4094
842,2019-11-20 16:00:00,6,5,7781
843,2019-11-16 19:30:00,4,40,3750
844,2019-11-16 19:30:00,2,40,3750
845,2019-11-16 19:30:00,4,40,3750
846,2019-11-16 21:00:00,8,35,660
847,2019-11-16 17:30:00,2,46,4018
848,2019-11-16 17:30:00,4,46,4018
849,2019-11-20 16:00:00,6,5,7781
850,2019-11-16 19:30:00,4,40,2823
851,2019-11-16 19:30:00,20,40,2823
852,2019-11-15 16:30:00,6,79,8677
853,2019-11-16 19:00:00,2,41,55
854,2019-11-16 15:30:00,2,54,1399
855,2019-11-16 17:00:00,6,48,7106
856,2019-11-19 17:00:00,8,9,2453
857,2019-11-15 18:30:00,1,76,8312
858,2019-11-16 19:30:00,5,40,393
859,2019-11-16 14:30:00,6,56,3784
860,2019-11-17 13:00:00,2,30,393
861,2019-11-15 18:30:00,2,74,173
862,2019-11-16 19:30:00,4,40,393
863,2019-11-15 23:30:00,2,65,3624
864,2019-11-15 23:30:00,2,65,3624
865,2019-11-17 13:00:00,2,30,393
866,2019-11-17 18:30:00,6,17,2275
867,2019-11-15 22:30:00,2,66,7204
868,2019-11-15 18:30:00,4,76,8312
869,2019-11-17 17:30:00,2,20,4111
870,2019-11-17 17:30:00,2,21,6879
871,2019-11-16 19:30:00,2,40,393
872,2019-11-16 19:30:00,2,40,393
873,2019-11-15 21:30:00,2,69,6914
874,2019-11-15 22:30:00,2,66,7204
875,2019-11-17 13:00:00,2,30,393
876,2019-11-16 17:00:00,2,47,4384
877,2019-11-17 12:00:00,4,32,8100
878,2019-11-16 13:30:00,4,61,4397
879,2019-11-16 13:30:00,2,61,4397
880,2019-11-20 22:00:00,2,1,7807
881,2019-11-19 17:00:00,2,9,3812
882,2019-11-19 17:00:00,2,9,7899
883,2019-11-20 18:00:00,1,3,3157
884,2019-11-16 13:30:00,2,61,4281
885,2019-11-16 17:00:00,4,48,7106
886,2019-11-16 17:00:00,4,48,6942
887,2019-11-20 16:30:00,2,4,2212
888,2019-11-16 21:00:00,2,35,660
889,2019-11-15 19:00:00,6,73,8331
890,2019-11-16 14:30:00,2,58,7914
891,2019-11-15 22:30:00,2,66,7204
892,2019-11-15 18:30:00,6,74,6433
893,2019-11-16 14:30:00,10,56,3597
894,2019-11-15 22:30:00,2,66,7204
895,2019-11-17 13:00:00,2,30,393
896,2019-11-16 19:30:00,2,40,393
897,2019-11-15 18:30:00,6,74,6433
898,2019-11-15 22:30:00,2,66,7204
899,2019-11-17 16:30:00,2,23,4503
900,2019-11-16 19:30:00,2,40,393
901,2019-11-17 13:00:00,2,30,393
902,2019-11-15 18:30:00,6,74,6433
903,2019-11-15 22:30:00,2,66,7204
904,2019-11-16 18:30:00,2,43,669
905,2019-11-17 17:30:00,2,20,2181
906,2019-11-16 19:30:00,2,40,393
907,2019-11-16 15:30:00,4,52,6859
908,2019-11-17 13:00:00,2,30,393
909,2019-11-15 23:30:00,6,65,1802
910,2019-11-17 15:30:00,3,26,4470
911,2019-11-15 18:30:00,2,75,6879
912,2019-11-15 17:00:00,2,78,8633
913,2019-11-17 18:30:00,4,18,1639
914,2019-11-16 21:00:00,4,37,163
915,2019-11-17 14:30:00,4,28,1654
916,2019-11-15 15:30:00,2,80,1959
917,2019-11-16 15:30:00,3,52,8174
918,2019-11-16 15:30:00,4,52,8181
919,2019-11-15 18:30:00,2,76,7193
920,2019-11-16 14:30:00,4,58,2212
921,2019-11-15 15:30:00,8,80,6586
922,2019-11-15 17:00:00,2,78,8376
923,2019-11-16 19:30:00,2,40,393
924,2019-11-15 23:30:00,2,65,3624
925,2019-11-15 18:30:00,6,74,6433
926,2019-11-15 22:30:00,2,66,7204
927,2019-11-15 15:30:00,10,80,7955
928,2019-11-17 16:30:00,2,24,7802
929,2019-11-16 19:30:00,2,40,393
930,2019-11-15 22:30:00,2,66,7204
931,2019-11-17 18:30:00,6,17,2275
932,2019-11-15 15:30:00,4,80,7149
933,2019-11-15 19:00:00,1,73,8464
934,2019-11-17 13:00:00,2,30,393
935,2019-11-17 21:30:00,3,14,4018
936,2019-11-15 22:30:00,2,66,7204
937,2019-11-15 23:30:00,2,65,3624
938,2019-11-15 17:00:00,2,78,8191
939,2019-11-15 18:30:00,6,74,6433
940,2019-11-15 22:30:00,2,66,7204
941,2019-11-16 17:30:00,2,46,3785
942,2019-11-17 17:30:00,2,21,3539
943,2019-11-16 19:30:00,2,40,393
944,2019-11-17 18:30:00,4,18,7831
945,2019-11-15 15:30:00,4,80,3526
946,2019-11-15 22:30:00,2,66,7204
947,2019-11-17 21:30:00,2,14,1543
948,2019-11-17 21:30:00,2,14,8361
949,2019-11-15 18:30:00,2,76,8564
950,2019-11-16 17:30:00,2,46,3606
951,2019-11-17 18:30:00,4,18,8245
952,2019-11-15 17:00:00,2,78,173
953,2019-11-15 18:00:00,2,77,8574
954,2019-11-15 18:30:00,1,76,1399
955,2019-11-15 18:30:00,2,76,1838
956,2019-11-15 18:30:00,4,76,5208
957,2019-11-15 18:30:00,3,76,1399
958,2019-11-17 16:30:00,8,23,8522
959,2019-11-16 14:30:00,2,58,2275
960,2019-11-16 15:30:00,2,52,6879
961,2019-11-16 19:30:00,2,40,393
962,2019-11-17 13:00:00,2,30,393
963,2019-11-15 22:30:00,2,66,7204
964,2019-11-17 14:00:00,2,29,7038
965,2019-11-15 22:30:00,2,66,7204
966,2019-11-17 15:00:00,4,27,7149
967,2019-11-15 22:30:00,2,66,7204
968,2019-11-15 18:30:00,6,74,6433
969,2019-11-17 13:00:00,2,30,393
970,2019-11-16 12:00:00,5,63,2132
971,2019-11-16 19:30:00,2,40,393
972,2019-11-15 23:30:00,2,65,3624
973,2019-11-15 22:30:00,2,66,7204
974,2019-11-15 16:30:00,10,79,6382
975,2019-11-17 13:00:00,2,30,393
976,2019-11-20 22:00:00,1,1,4430
977,2019-11-15 18:30:00,4,76,8312
978,2019-11-16 19:30:00,2,40,393
979,2019-11-17 13:00:00,2,30,393
980,2019-11-17 18:30:00,3,18,7257
981,2019-11-15 15:30:00,2,80,3597
982,2019-11-16 17:00:00,2,47,3539
983,2019-11-17 16:30:00,10,24,3538
984,2019-11-17 15:00:00,3,27,2212
985,2019-11-16 13:30:00,2,61,1620
986,2019-11-15 18:00:00,10,77,1603
987,2019-11-16 19:30:00,2,40,3501
988,2019-11-19 22:00:00,3,7,4403
989,2019-11-16 17:30:00,6,46,3343
990,2019-11-20 18:00:00,1,3,3157
991,2019-11-20 22:00:00,4,1,3968
992,2019-11-17 12:30:00,4,31,3750
993,2019-11-19 18:00:00,8,8,7798
994,2019-11-16 14:30:00,2,58,2275
995,2019-11-15 18:30:00,2,74,8740
996,2019-11-15 23:30:00,2,65,3624
997,2019-11-17 13:00:00,2,30,393
998,2019-11-16 19:30:00,2,40,393
999,2019-11-15 18:30:00,6,74,6433
1000,2019-11-15 22:30:00,2,66,7204
1001,2019-11-17 16:30:00,4,23,6858
1002,2019-11-16 12:00:00,4,64,7149
1003,2019-11-15 22:30:00,2,66,7204
1004,2019-11-16 21:30:00,1,34,3877
1005,2019-11-16 19:30:00,2,40,393
1006,2019-11-15 15:30:00,2,80,7004
1007,2019-11-17 13:00:00,2,30,393
1008,2019-11-15 22:30:00,2,66,7204
1009,2019-11-15 18:30:00,6,74,6433
1010,2019-11-15 18:30:00,5,74,3247
1011,2019-11-15 23:30:00,2,65,3624
1012,2019-11-16 19:30:00,2,40,393
1013,2019-11-15 22:30:00,2,66,7204
1014,2019-11-16 15:30:00,4,52,6859
1015,2019-11-15 18:30:00,2,76,55
1016,2019-11-17 13:00:00,2,30,393
1017,2019-11-16 19:30:00,2,40,393
1018,2019-11-20 15:00:00,6,6,866
1019,2019-11-20 15:00:00,6,6,866
1020,2019-11-16 17:30:00,6,46,1802
1021,2019-11-15 22:30:00,2,66,7204
1022,2019-11-15 19:00:00,6,73,8331
1023,2019-11-15 17:00:00,4,78,3470
1024,2019-11-16 21:00:00,2,37,7758
1025,2019-11-16 19:30:00,2,40,3501
1026,2019-11-15 15:30:00,2,80,866
1027,2019-11-16 14:30:00,2,58,7914
1028,2019-11-17 16:30:00,2,24,2212
1029,2019-11-20 22:00:00,4,1,3968
1030,2019-11-17 17:30:00,4,21,7202
1031,2019-11-16 21:00:00,2,35,660
1032,2019-11-16 19:30:00,2,40,3501
1033,2019-11-16 19:30:00,2,40,3501
1034,2019-11-20 16:00:00,7,5,7781
1035,2019-11-20 16:00:00,7,5,7781
1036,2019-11-16 19:30:00,2,40,3501
1037,2019-11-16 12:00:00,2,63,2212
1038,2019-11-18 20:00:00,4,12,7821
1039,2019-11-17 15:00:00,2,27,2212
1040,2019-11-19 17:00:00,2,9,1399
1041,2019-11-19 17:00:00,2,9,8564
1042,2019-11-15 23:30:00,4,65,1797
1043,2019-11-20 18:00:00,4,3,1620
1044,2019-11-16 13:30:00,2,61,1568
1045,2019-11-17 13:00:00,2,30,393
1046,2019-11-16 13:30:00,2,60,7185
1047,2019-11-15 22:30:00,2,66,7204
1048,2019-11-15 17:00:00,1,78,8191
1049,2019-11-16 19:00:00,2,41,5968
1050,2019-11-17 16:30:00,2,23,4122
1051,2019-11-17 13:00:00,2,30,393
1052,2019-11-16 12:00:00,4,64,7149
1053,2019-11-16 15:30:00,4,52,6859
1054,2019-11-15 22:30:00,2,66,7204
1055,2019-11-20 15:00:00,6,6,866
1056,2019-11-15 21:30:00,2,69,666
1057,2019-11-16 13:30:00,2,60,5785
1058,2019-11-17 13:00:00,2,30,393
1059,2019-11-15 22:30:00,2,66,7204
1060,2019-11-16 21:30:00,10,34,7026
1061,2019-11-17 14:30:00,2,28,1575
1062,2019-11-17 14:30:00,2,28,4470
1063,2019-11-20 18:00:00,2,3,5529
1064,2019-11-15 15:30:00,2,80,7807
1065,2019-11-15 22:30:00,2,66,7204
1066,2019-11-19 18:00:00,8,8,8434
1067,2019-11-17 17:30:00,4,20,8393
1068,2019-11-15 18:00:00,4,77,7149
1069,2019-11-15 17:00:00,2,78,1550
1070,2019-11-19 18:00:00,8,8,7798
1071,2019-11-16 17:00:00,1,47,4383
1072,2019-11-17 17:30:00,10,21,3596
1073,2019-11-20 15:00:00,2,6,8174
1074,2019-11-15 15:30:00,2,80,7004
1075,2019-11-16 18:30:00,2,43,6762
1076,2019-11-16 12:00:00,4,63,6732
1077,2019-11-16 12:00:00,2,63,2317
1078,2019-11-15 23:30:00,2,65,3624
1079,2019-11-16 19:30:00,2,40,393
1080,2019-11-16 19:30:00,2,40,393
1081,2019-11-17 13:00:00,2,30,393
1082,2019-11-15 22:30:00,2,66,7204
1083,2019-11-15 19:00:00,2,73,8580
1084,2019-11-15 19:00:00,2,73,8580
1085,2019-11-16 21:30:00,1,34,3877
1086,2019-11-15 22:30:00,2,66,7204
1087,2019-11-16 17:30:00,15,46,4018
1088,2019-11-17 13:00:00,2,30,393
1089,2019-11-15 22:30:00,2,66,7204
1090,2019-11-17 16:30:00,2,23,3767
1091,2019-11-16 19:30:00,2,40,393
1092,2019-11-15 22:30:00,2,66,7204
1093,2019-11-16 20:30:00,10,38,3597
1094,2019-11-15 17:00:00,2,78,2823
1095,2019-11-15 16:30:00,4,79,7920
1096,2019-11-15 20:30:00,2,70,8663
1097,2019-11-17 19:00:00,2,16,3783
1098,2019-11-15 17:00:00,50,78,2823
1099,2019-11-19 18:00:00,4,8,7043
1100,2019-11-15 15:30:00,3,80,4378
1101,2019-11-19 18:00:00,4,8,7802
1102,2019-11-17 17:30:00,2,20,2212
1103,2019-11-20 16:00:00,6,5,7781
1104,2019-11-20 16:00:00,6,5,7781
1105,2019-11-15 16:30:00,2,79,8519
1106,2019-11-16 15:30:00,4,52,3470
1107,2019-11-20 16:00:00,8,5,7781
1108,2019-11-20 16:00:00,6,5,7781
1109,2019-11-16 17:30:00,6,46,3343
1110,2019-11-15 18:30:00,2,76,1838
1111,2019-11-15 18:30:00,2,76,55
1112,2019-11-15 20:30:00,8,70,2089
1113,2019-11-16 13:30:00,2,59,8623
1114,2019-11-16 17:00:00,4,48,6942
1115,2019-11-16 19:30:00,2,40,393
1116,2019-11-15 23:30:00,2,65,3624
1117,2019-11-15 23:30:00,3,65,3624
1118,2019-11-15 22:30:00,2,66,7204
1119,2019-11-16 19:30:00,2,40,393
1120,2019-11-15 22:30:00,2,66,7204
1121,2019-11-15 16:30:00,2,79,7042
1122,2019-11-15 15:30:00,2,80,7004
1123,2019-11-16 19:30:00,2,40,393
1124,2019-11-17 11:00:00,2,33,7040
1125,2019-11-17 13:00:00,2,30,393
1126,2019-11-16 19:30:00,2,40,393
1127,2019-11-15 23:30:00,2,65,3624
1128,2019-11-15 23:30:00,3,65,3624
1129,2019-11-16 14:30:00,6,56,2275
1130,2019-11-15 22:30:00,2,66,7204
1131,2019-11-17 16:30:00,4,24,6859
1132,2019-11-20 21:30:00,4,2,173
1133,2019-11-20 21:30:00,6,2,8633
1134,2019-11-16 17:30:00,6,46,3343
1135,2019-11-16 19:30:00,2,40,393
1136,2019-11-15 15:00:00,4,81,8184
1137,2019-11-15 18:00:00,4,77,6870
1138,2019-11-17 17:30:00,4,20,8393
1139,2019-11-15 18:30:00,2,75,7055
1140,2019-11-15 15:30:00,2,80,7004
1141,2019-11-15 15:30:00,2,80,8561
1142,2019-11-17 14:30:00,2,28,7143
1143,2019-11-17 14:30:00,4,28,6367
1144,2019-11-16 15:30:00,1,52,3688
1145,2019-11-16 15:30:00,4,52,6859
1146,2019-11-16 12:00:00,1,63,2105
1147,2019-11-16 17:30:00,6,46,3343
1148,2019-11-16 21:00:00,6,35,1683
1149,2019-11-20 16:00:00,3,5,2347
1150,2019-11-17 17:30:00,2,20,4111
1151,2019-11-17 17:30:00,2,20,4111
1152,2019-11-15 18:00:00,2,77,8125
1153,2019-11-16 21:00:00,6,35,660
1154,2019-11-16 19:30:00,2,40,393
1155,2019-11-20 15:00:00,2,6,8076
1156,2019-11-17 13:00:00,2,30,393
1157,2019-11-15 22:30:00,2,66,7204
1158,2019-11-15 22:30:00,2,66,8364
1159,2019-11-20 15:00:00,4,6,866
1160,2019-11-16 14:30:00,6,56,2275
1161,2019-11-15 22:30:00,2,66,7204
1162,2019-11-16 17:00:00,3,47,4384
1163,2019-11-17 12:30:00,8,31,3750
1164,2019-11-15 17:00:00,5,78,3453
1165,2019-11-16 13:30:00,4,59,6096
1166,2019-11-17 17:30:00,2,21,4429
1167,2019-11-17 17:30:00,2,20,2710
1168,2019-11-17 17:30:00,2,20,2710
1169,2019-11-16 14:30:00,2,58,7432
1170,2019-11-15 15:30:00,2,80,7781
1171,2019-11-16 17:00:00,4,48,8764
1172,2019-11-15 15:00:00,2,81,4470
1173,2019-11-15 15:00:00,2,81,8565
1174,2019-11-16 12:00:00,2,63,8918
1175,2019-11-17 18:30:00,4,18,8633
1176,2019-11-15 23:30:00,2,65,3624
1177,2019-11-16 19:30:00,2,40,393
1178,2019-11-17 13:00:00,2,30,393
1179,2019-11-16 12:00:00,2,63,1610
1180,2019-11-16 21:30:00,1,34,3877
1181,2019-11-15 22:30:00,2,66,7204
1182,2019-11-16 12:00:00,6,63,284
1183,2019-11-16 19:30:00,2,40,393
1184,2019-11-17 13:00:00,2,30,393
1185,2019-11-15 22:30:00,2,66,7204
1186,2019-11-17 15:00:00,2,27,2212
1187,2019-11-16 12:00:00,2,63,8935
1188,2019-11-15 15:30:00,2,80,2178
1189,2019-11-16 17:00:00,4,47,5910
1190,2019-11-16 17:00:00,2,47,5986
1191,2019-11-16 17:00:00,2,48,1996
1192,2019-11-16 17:00:00,2,48,8730
1193,2019-11-16 17:00:00,2,48,1996
1194,2019-11-15 23:30:00,4,65,3783
1195,2019-11-15 15:30:00,10,80,3838
1196,2019-11-15 23:30:00,4,65,3783
1197,2019-11-17 16:30:00,10,24,3538
1198,2019-11-16 15:30:00,2,54,4428
1199,2019-11-16 15:30:00,3,52,8866
1200,2019-11-15 16:30:00,2,79,8342
1201,2019-11-16 19:30:00,2,40,393
1202,2019-11-15 23:30:00,2,65,3624
1203,2019-11-17 13:00:00,2,30,393
1204,2019-11-15 22:30:00,2,66,7204
1205,2019-11-16 13:30:00,2,59,4094
1206,2019-11-17 17:30:00,2,20,8376
1207,2019-11-16 12:00:00,2,64,4035
1208,2019-11-15 15:30:00,4,80,8312
1209,2019-11-16 19:30:00,2,40,393
1210,2019-11-17 13:00:00,2,30,393
1211,2019-11-15 22:30:00,2,66,7204
1212,2019-11-16 13:30:00,3,59,7828
1213,2019-11-15 15:30:00,4,80,8693
1214,2019-11-16 19:30:00,1,40,393
1215,2019-11-17 13:00:00,2,30,393
1216,2019-11-15 22:30:00,2,66,7204
1217,2019-11-16 12:00:00,2,63,8918
1218,2019-11-17 17:30:00,6,20,4108
1219,2019-11-15 23:30:00,2,65,3624
1220,2019-11-17 13:00:00,2,30,393
1221,2019-11-15 15:30:00,4,80,3526
1222,2019-11-15 22:30:00,2,66,7204
1223,2019-11-16 12:00:00,6,63,284
1224,2019-11-16 19:30:00,1,40,393
1225,2019-11-15 22:30:00,2,66,7204
1226,2019-11-15 20:30:00,4,70,7224
1227,2019-11-15 15:00:00,2,81,8737
1228,2019-11-17 18:30:00,4,18,8375
1229,2019-11-15 18:30:00,1,74,3247
1230,2019-11-15 15:30:00,2,80,1743
1231,2019-11-15 20:30:00,4,70,7224
1232,2019-11-17 12:30:00,4,31,4103
1233,2019-11-15 15:30:00,2,80,7004
1234,2019-11-17 17:30:00,4,21,2212
1235,2019-11-16 16:00:00,4,51,2395
1236,2019-11-20 18:00:00,8,3,8772
1237,2019-11-15 23:30:00,2,65,3624
1238,2019-11-16 19:30:00,1,40,393
1239,2019-11-15 22:30:00,2,66,7204
1240,2019-11-16 21:30:00,2,34,15
1241,2019-11-15 21:30:00,6,69,2332
1242,2019-11-15 15:30:00,2,80,1743
1243,2019-11-16 19:30:00,2,40,393
1244,2019-11-17 13:00:00,2,30,393
1245,2019-11-16 21:30:00,2,34,15
1246,2019-11-15 22:30:00,2,66,7204
1247,2019-11-16 19:30:00,2,40,3750
1248,2019-11-16 17:30:00,15,46,4018
1249,2019-11-16 13:30:00,4,61,7149
1250,2019-11-16 20:30:00,2,38,3266
1251,2019-11-16 20:30:00,2,38,1344
1252,2019-11-15 17:00:00,2,78,1375
1253,2019-11-16 12:00:00,6,63,284
1254,2019-11-16 19:30:00,2,40,393
1255,2019-11-16 19:30:00,2,40,7955
1256,2019-11-16 19:30:00,2,40,117
1257,2019-11-15 15:30:00,2,80,8932
1258,2019-11-17 17:30:00,2,20,2212
1259,2019-11-15 22:30:00,2,66,7204
1260,2019-11-17 13:00:00,2,30,393
1261,2019-11-16 19:30:00,10,40,3838
1262,2019-11-16 14:30:00,4,58,4999
1263,2019-11-19 17:00:00,2,9,4470
1264,2019-11-17 13:00:00,2,30,393
1265,2019-11-15 23:30:00,2,65,3624
1266,2019-11-15 18:30:00,2,76,173
1267,2019-11-15 21:30:00,2,69,6914
1268,2019-11-17 17:30:00,2,21,6879
1269,2019-11-16 19:30:00,1,40,393
1270,2019-11-16 15:30:00,2,52,6859
1271,2019-11-15 16:30:00,2,79,8289
1272,2019-11-15 15:30:00,2,80,15
1273,2019-11-17 16:30:00,2,23,4503
1274,2019-11-16 20:30:00,6,38,2275
1275,2019-11-16 17:30:00,6,46,3343
1276,2019-11-17 16:30:00,2,23,2511
1277,2019-11-16 12:00:00,2,63,4403
1278,2019-11-16 12:00:00,2,63,1399
1279,2019-11-16 12:00:00,2,63,4403
1280,2019-11-16 12:00:00,2,63,2280
1281,2019-11-19 17:00:00,2,9,7998
1282,2019-11-16 19:30:00,2,40,393
1283,2019-11-15 23:30:00,2,65,3624
1284,2019-11-16 14:30:00,6,56,3784
1285,2019-11-16 21:30:00,1,34,3877
1286,2019-11-15 22:30:00,2,66,7204
1287,2019-11-16 19:30:00,2,40,393
1288,2019-11-17 13:00:00,2,30,393
1289,2019-11-17 15:00:00,2,27,866
1290,2019-11-20 18:00:00,1,3,3157
1291,2019-11-17 17:30:00,4,21,8177
1292,2019-11-15 22:30:00,2,66,7204
1293,2019-11-16 19:30:00,2,40,393
1294,2019-11-16 20:30:00,25,38,8587
1295,2019-11-15 15:30:00,2,80,6905
1296,2019-11-15 23:30:00,2,65,3624
1297,2019-11-16 12:00:00,4,64,7149
1298,2019-11-16 14:30:00,5,56,3784
1299,2019-11-15 22:30:00,2,66,7204
1300,2019-11-17 17:30:00,3,20,4094
1301,2019-11-17 13:00:00,2,30,393
1302,2019-11-16 12:00:00,2,63,2161
1303,2019-11-16 12:00:00,2,63,4384
1304,2019-11-16 19:30:00,2,40,393
1305,2019-11-15 22:30:00,2,66,7204
1306,2019-11-16 17:00:00,4,47,6732
1307,2019-11-16 21:00:00,2,35,113
1308,2019-11-19 22:00:00,2,7,6517
1309,2019-11-15 15:30:00,4,80,7201
1310,2019-11-20 18:00:00,8,3,8772
1311,2019-11-17 17:30:00,2,21,6879
1312,2019-11-16 15:30:00,1,54,1399
1313,2019-11-16 15:30:00,2,54,1399
1314,2019-11-19 17:00:00,2,9,7775
1315,2019-11-16 14:30:00,3,56,2355
1316,2019-11-17 17:30:00,2,20,4111
1317,2019-11-16 15:30:00,2,54,1399
1318,2019-11-19 17:00:00,2,9,1575
1319,2019-11-19 17:00:00,2,9,2119
1320,2019-11-20 18:00:00,2,3,7846
1321,2019-11-16 17:00:00,4,48,7106
1322,2019-11-16 20:30:00,4,38,3804
1323,2019-11-15 23:30:00,2,65,3624
1324,2019-11-16 19:30:00,1,40,393
1325,2019-11-15 22:30:00,2,66,7204
1326,2019-11-16 19:30:00,1,40,393
1327,2019-11-15 15:30:00,4,80,3526
1328,2019-11-15 22:30:00,2,66,7204
1329,2019-11-17 13:00:00,1,30,393
1330,2019-11-16 19:30:00,1,40,393
1331,2019-11-15 22:30:00,2,66,7204
1332,2019-11-16 19:30:00,10,40,3838
1333,2019-11-15 22:30:00,2,66,7204
1334,2019-11-17 18:30:00,4,17,3784
1335,2019-11-15 19:00:00,10,73,374
1336,2019-11-15 15:30:00,4,80,7954
1337,2019-11-16 19:30:00,1,40,393
1338,2019-11-15 16:30:00,10,79,6382
1339,2019-11-17 13:00:00,1,30,393
1340,2019-11-19 17:00:00,2,9,284
1341,2019-11-15 15:30:00,2,80,7802
1342,2019-11-17 17:30:00,2,20,2212
1343,2019-11-17 17:30:00,2,20,8831
1344,2019-11-15 14:00:00,2,82,6861
1345,2019-11-15 15:30:00,4,80,7201
1346,2019-11-15 15:30:00,2,80,2464
1347,2019-11-16 17:30:00,6,46,3343
1348,2019-11-17 14:30:00,4,28,5910
1349,2019-11-17 17:30:00,4,21,8500
1350,2019-11-17 14:30:00,12,28,350
1351,2019-11-17 14:30:00,2,28,8564
1352,2019-11-17 13:00:00,1,30,8815
1353,2019-11-16 19:30:00,1,40,393
1354,2019-11-15 22:30:00,2,66,7204
1355,2019-11-16 19:30:00,1,40,393
1356,2019-11-15 22:30:00,2,66,7204
1357,2019-11-17 18:30:00,4,17,3784
1358,2019-11-17 18:30:00,4,18,6486
1359,2019-11-17 18:30:00,2,18,7055
1360,2019-11-15 15:30:00,4,80,7201
1361,2019-11-16 19:30:00,1,40,393
1362,2019-11-15 22:30:00,2,66,7204
1363,2019-11-16 19:30:00,1,40,393
1364,2019-11-15 22:30:00,2,66,7204
1365,2019-11-17 16:30:00,2,24,6876
1366,2019-11-17 17:30:00,1,21,3501
1367,2019-11-16 19:30:00,1,40,393
1368,2019-11-15 18:30:00,11,75,1324
1369,2019-11-15 17:00:00,2,78,7828
1370,2019-11-16 13:30:00,1,61,1620
1371,2019-11-15 22:30:00,2,66,7204
1372,2019-11-16 17:00:00,4,48,393
1373,2019-11-15 11:30:00,4,83,6464
1374,2019-11-16 21:00:00,2,35,660
1375,2019-11-15 15:30:00,4,80,8100
1376,2019-11-17 18:30:00,2,18,367
1377,2019-11-16 21:00:00,6,35,1683
1378,2019-11-17 17:00:00,4,22,6466
1379,2019-11-16 21:00:00,2,35,660
1380,2019-11-16 17:00:00,4,48,8465
1381,2019-11-16 19:30:00,1,40,393
1382,2019-11-15 22:30:00,2,66,7204
1383,2019-11-15 23:30:00,2,65,7795
1384,2019-11-17 18:30:00,2,18,2586
1385,2019-11-16 19:30:00,1,40,393
1386,2019-11-17 13:00:00,1,30,393
1387,2019-11-15 18:30:00,3,75,8761
1388,2019-11-16 14:30:00,2,56,2275
1389,2019-11-15 22:30:00,2,66,7204
1390,2019-11-16 17:30:00,2,46,8254
1391,2019-11-17 12:00:00,2,32,3938
1392,2019-11-16 19:30:00,1,40,393
1393,2019-11-15 15:30:00,1,80,4049
1394,2019-11-17 13:00:00,1,30,393
1395,2019-11-16 21:00:00,10,36,3597
1396,2019-11-15 17:00:00,2,78,633
1397,2019-11-16 19:30:00,1,40,393
1398,2019-11-16 19:30:00,2,40,393
1399,2019-11-15 22:30:00,2,66,7204
1400,2019-11-17 13:00:00,1,30,393
1401,2019-11-16 15:00:00,2,55,6517
1402,2019-11-15 18:30:00,4,76,4507
1403,2019-11-16 12:00:00,4,64,8633
1404,2019-11-15 16:30:00,2,79,7264
1405,2019-11-16 19:30:00,1,40,393
1406,2019-11-17 12:00:00,2,32,2464
1407,2019-11-15 22:30:00,2,66,7204
1408,2019-11-15 15:30:00,2,80,8932
1409,2019-11-15 15:30:00,2,80,8932
1410,2019-11-15 17:00:00,2,78,199
1411,2019-11-15 21:30:00,2,68,8633
1412,2019-11-16 13:30:00,2,61,1620
1413,2019-11-20 18:00:00,2,3,80
1414,2019-11-16 12:00:00,2,63,8917
1415,2019-11-16 17:00:00,4,48,8784
1416,2019-11-15 15:30:00,10,80,3839
1417,2019-11-15 18:30:00,1,74,3247
1418,2019-11-15 18:30:00,1,74,3247
1419,2019-11-16 21:00:00,2,35,660
1420,2019-11-16 13:30:00,4,61,8941
1421,2019-11-15 18:30:00,2,76,55
1422,2019-11-15 18:30:00,3,76,55
1423,2019-11-16 15:30:00,2,52,6879
1424,2019-11-16 19:30:00,1,40,393
1425,2019-11-16 19:30:00,2,40,393
1426,2019-11-17 18:30:00,6,17,2275
1427,2019-11-15 22:30:00,2,66,7204
1428,2019-11-16 12:00:00,2,63,284
1429,2019-11-16 19:30:00,1,40,393
1430,2019-11-15 15:30:00,2,80,8702
1431,2019-11-15 22:30:00,2,66,7204
1432,2019-11-15 17:00:00,2,78,173
1433,2019-11-16 21:30:00,10,34,7026
1434,2019-11-16 17:30:00,15,46,4018
1435,2019-11-16 19:30:00,1,40,393
1436,2019-11-17 13:00:00,1,30,393
1437,2019-11-15 18:30:00,4,75,8761
1438,2019-11-16 15:30:00,2,52,6859
1439,2019-11-16 21:00:00,6,35,1683
1440,2019-11-15 18:30:00,2,76,8564
1441,2019-11-16 12:00:00,8,63,8141
1442,2019-11-15 15:30:00,2,80,8702
1443,2019-11-15 17:00:00,2,78,8191
1444,2019-11-17 14:30:00,2,28,4203
1445,2019-11-15 18:30:00,4,75,6732
1446,2019-11-16 19:30:00,2,40,393
1447,2019-11-16 20:30:00,6,38,2275
1448,2019-11-17 17:30:00,2,21,3677
1449,2019-11-16 18:30:00,2,43,6762
1450,2019-11-20 18:00:00,4,3,1620
1451,2019-11-17 17:30:00,2,20,8510
1452,2019-11-16 12:00:00,2,63,4384
1453,2019-11-16 19:30:00,2,40,393
1454,2019-11-18 16:00:00,2,13,4378
1455,2019-11-15 22:30:00,2,66,7204
1456,2019-11-16 19:30:00,2,40,393
1457,2019-11-16 21:30:00,1,34,3877
1458,2019-11-15 22:30:00,2,66,7204
1459,2019-11-16 19:30:00,1,40,393
1460,2019-11-16 13:30:00,1,61,1620
1461,2019-11-17 13:00:00,1,30,393
1462,2019-11-16 21:30:00,2,34,15
1463,2019-11-17 13:00:00,1,30,393
1464,2019-11-15 15:30:00,2,80,6913
1465,2019-11-16 19:30:00,2,40,393
1466,2019-11-17 13:00:00,1,30,393
1467,2019-11-16 21:00:00,1,35,660
1468,2019-11-15 15:00:00,2,81,9291
1469,2019-11-16 19:30:00,2,40,3611
1470,2019-11-16 19:30:00,2,40,3501
1471,2019-11-15 18:30:00,2,74,3247
1472,2019-11-15 18:30:00,2,74,3611
1473,2019-11-16 12:00:00,2,63,8633
1474,2019-11-17 16:30:00,2,23,2511
1475,2019-11-20 16:00:00,2,5,9066
1476,2019-11-17 18:30:00,2,18,173
1477,2019-11-20 16:00:00,5,5,9066
1478,2019-11-16 12:00:00,10,63,7030
1479,2019-11-15 19:00:00,6,73,8331
1480,2019-11-15 21:30:00,4,68,8241
1481,2019-11-20 18:00:00,4,3,2275
1482,2019-11-16 13:30:00,8,61,2453
1483,2019-11-16 19:30:00,1,40,393
1484,2019-11-16 21:30:00,1,34,3877
1485,2019-11-15 22:30:00,2,66,7204
1486,2019-11-16 17:30:00,6,46,3343
1487,2019-11-17 13:00:00,1,30,393
1488,2019-11-15 22:30:00,2,66,7204
1489,2019-11-15 23:30:00,4,65,7202
1490,2019-11-16 19:30:00,4,40,8392
1491,2019-11-16 19:30:00,4,40,8393
1492,2019-11-16 19:30:00,3,40,117
1493,2019-11-20 18:00:00,1,3,3157
1494,2019-11-16 14:30:00,3,56,3784
1495,2019-11-15 15:30:00,2,80,8702
1496,2019-11-15 22:30:00,2,66,7204
1497,2019-11-16 21:30:00,10,34,7026
1498,2019-11-16 19:30:00,2,40,393
1499,2019-11-15 17:00:00,1,78,173
1500,2019-11-15 17:00:00,2,78,173
1501,2019-11-17 13:00:00,1,30,393
1502,2019-11-15 22:30:00,2,66,7204
1503,2019-11-16 17:00:00,2,48,9106
1504,2019-11-16 21:00:00,2,35,660
1505,2019-11-20 16:30:00,2,4,2212
1506,2019-11-17 13:00:00,1,30,393
1507,2019-11-17 15:00:00,2,27,9055
1508,2019-11-16 21:30:00,1,34,3877
1509,2019-11-17 16:30:00,8,23,8483
1510,2019-11-17 15:00:00,2,27,30
1511,2019-11-16 16:30:00,2,49,3784
1512,2019-11-17 12:30:00,2,31,3611
1513,2019-11-15 18:30:00,7,75,8387
1514,2019-11-16 21:00:00,5,36,3784
1515,2019-11-15 17:00:00,2,78,9248
1516,2019-11-18 20:00:00,3,12,7821
1517,2019-11-17 13:00:00,1,30,393
1518,2019-11-12 01:00:00,2,84,3785
1519,2019-11-12 02:30:00,2,86,866
